{
    "rmse": 0.678062452412957,
    "mae": 0.5250533373174529,
    "r2": 0.3017342948850624
}